period,correlation
2010-2015,0.9825744880456456
2015-2020,0.9861273328579155
2020-2024,0.9900753120931336
2010-2024,0.9639662296297327
